<?xml version="1.0" encoding="utf-8"?>
<rss version="2.0" xmlns:sparkle="http://www.andymatuschak.org/xml-namespaces/sparkle"  xmlns:dc="http://purl.org/dc/elements/1.1/">
  <channel>
    <title>Timestamp plugin change log</title>
    <link></link>
    <description>Most recent changes to timestamp pluging for Sketch</description>
    <language>en</language>
      <item>
        <title>Version 0.1</title>
        <description>
          Add or toggle timestamps to the artboards in your design sketch file.
        </description>
        <enclosure url="" sparkle:version="0.1" />
      </item>
  </channel>
</rss>